,0,1
0,1-1-A-j18-1,S-Bahn
1,1-1-B-j18-1,Intercity
2,1-1-C-j18-1,S-Bahn
3,4-1-j18-1,S-Bahn
4,6-1-B-j18-1,Intercity
5,6-1-j18-1,S-Bahn
6,8-1-j18-1,S-Bahn
7,11-1-C-j18-1,S-Bahn
8,12-1-j18-1,S-Bahn
9,16-1-A-j18-1,Intercity
10,16-1-j18-1,S-Bahn
11,23-1-j18-1,S-Bahn
12,25-1-j18-1,S-Bahn
13,26-1-A-j18-1,S-Bahn
14,26-1-j18-1,Intercity
15,79-1-C-j18-1,S-Bahn
16,79-1-D-j18-1,S-Bahn
17,20-10-j18-1,S-Bahn
18,21-10-j18-1,S-Bahn
19,26-10-j18-1,S-Bahn
20,79-10-j18-1,S-Bahn
21,80-100-j18-1,RegioExpress
22,66-100-Y-j18-1,Regionalzug
23,80-100-Y-j18-1,RegioExpress
24,66-101-Y-j18-1,Regionalzug
25,80-101-Y-j18-1,RegioExpress
26,66-102-Y-j18-1,Regionalzug
27,80-102-Y-j18-1,RegioExpress
28,66-103-Y-j18-1,Regionalzug
29,80-103-Y-j18-1,RegioExpress
30,66-104-Y-j18-1,Regionalzug
31,80-104-Y-j18-1,RegioExpress
32,66-105-Y-j18-1,Regionalzug
33,80-105-Y-j18-1,RegioExpress
34,66-106-Y-j18-1,Regionalzug
35,80-106-Y-j18-1,RegioExpress
36,66-107-Y-j18-1,Regionalzug
37,80-107-Y-j18-1,RegioExpress
38,66-108-Y-j18-1,Regionalzug
39,80-108-Y-j18-1,RegioExpress
40,66-109-Y-j18-1,Regionalzug
41,80-109-Y-j18-1,RegioExpress
42,40-10-Y-j18-1,Eurocity
43,42-10-Y-j18-1,Intercity
44,59-10-Y-j18-1,InterRegio
45,66-10-Y-j18-1,Regionalzug
46,68-10-Y-j18-1,S-Bahn
47,69-10-Y-j18-1,S-Bahn
48,72-10-Y-j18-1,S-Bahn
49,76-10-Y-j18-1,Schnellzug
50,78-10-Y-j18-1,RegioExpress
51,79-10-Y-j18-1,RegioExpress
52,80-10-Y-j18-1,RegioExpress
53,16-11-j18-1,S-Bahn
54,20-11-j18-1,S-Bahn
55,26-11-j18-1,S-Bahn
56,66-110-Y-j18-1,Regionalzug
57,80-110-Y-j18-1,RegioExpress
58,66-111-Y-j18-1,Regionalzug
59,80-111-Y-j18-1,RegioExpress
60,66-112-Y-j18-1,Regionalzug
61,80-112-Y-j18-1,RegioExpress
62,66-113-Y-j18-1,Regionalzug
63,80-113-Y-j18-1,RegioExpress
64,66-114-Y-j18-1,Regionalzug
65,80-114-Y-j18-1,RegioExpress
66,66-115-Y-j18-1,Regionalzug
67,80-115-Y-j18-1,RegioExpress
68,66-116-Y-j18-1,Regionalzug
69,80-116-Y-j18-1,RegioExpress
70,66-117-Y-j18-1,Regionalzug
71,80-117-Y-j18-1,RegioExpress
72,66-118-Y-j18-1,Regionalzug
73,80-118-Y-j18-1,RegioExpress
74,66-119-Y-j18-1,Regionalzug
75,80-119-Y-j18-1,RegioExpress
76,40-11-Y-j18-1,Eurocity
77,42-11-Y-j18-1,Intercity
78,59-11-Y-j18-1,InterRegio
79,66-11-Y-j18-1,Regionalzug
80,68-11-Y-j18-1,S-Bahn
81,69-11-Y-j18-1,S-Bahn
82,72-11-Y-j18-1,S-Bahn
83,76-11-Y-j18-1,Schnellzug
84,78-11-Y-j18-1,RegioExpress
85,79-11-Y-j18-1,RegioExpress
86,80-11-Y-j18-1,RegioExpress
87,11-12-B-j18-1,S-Bahn
88,26-12-j18-1,S-Bahn
89,66-120-j18-1,Regionalzug
90,66-120-Y-j18-1,Regionalzug
91,80-120-Y-j18-1,RegioExpress
92,66-121-Y-j18-1,Regionalzug
93,80-121-Y-j18-1,RegioExpress
94,66-122-Y-j18-1,Regionalzug
95,80-122-Y-j18-1,RegioExpress
96,66-123-Y-j18-1,Regionalzug
97,80-123-Y-j18-1,RegioExpress
98,66-124-Y-j18-1,Regionalzug
99,80-124-Y-j18-1,RegioExpress
100,66-125-Y-j18-1,Regionalzug
101,80-125-Y-j18-1,RegioExpress
102,66-126-Y-j18-1,Regionalzug
103,80-126-Y-j18-1,RegioExpress
104,66-127-Y-j18-1,Regionalzug
105,80-127-Y-j18-1,RegioExpress
106,66-128-Y-j18-1,Regionalzug
107,80-128-Y-j18-1,RegioExpress
108,66-129-Y-j18-1,Regionalzug
109,80-129-Y-j18-1,RegioExpress
110,40-12-Y-j18-1,Eurocity
111,42-12-Y-j18-1,Intercity
112,59-12-Y-j18-1,InterRegio
113,66-12-Y-j18-1,Regionalzug
114,68-12-Y-j18-1,S-Bahn
115,69-12-Y-j18-1,S-Bahn
116,76-12-Y-j18-1,Schnellzug
117,78-12-Y-j18-1,RegioExpress
118,79-12-Y-j18-1,RegioExpress
119,80-12-Y-j18-1,RegioExpress
120,26-13-j18-1,S-Bahn
121,66-130-j18-1,Regionalzug
122,66-130-Y-j18-1,Regionalzug
123,80-130-Y-j18-1,RegioExpress
124,66-131-Y-j18-1,Regionalzug
125,80-131-Y-j18-1,RegioExpress
126,66-132-Y-j18-1,Regionalzug
127,80-132-Y-j18-1,RegioExpress
128,66-133-Y-j18-1,Regionalzug
129,80-133-Y-j18-1,RegioExpress
130,66-134-Y-j18-1,Regionalzug
131,80-134-Y-j18-1,RegioExpress
132,66-135-Y-j18-1,Regionalzug
133,80-135-Y-j18-1,RegioExpress
134,66-136-Y-j18-1,Regionalzug
135,80-136-Y-j18-1,RegioExpress
136,66-137-Y-j18-1,Regionalzug
137,66-138-Y-j18-1,Regionalzug
138,66-139-Y-j18-1,Regionalzug
139,40-13-Y-j18-1,Eurocity
140,59-13-Y-j18-1,InterRegio
141,66-13-Y-j18-1,Regionalzug
142,68-13-Y-j18-1,S-Bahn
143,69-13-Y-j18-1,S-Bahn
144,76-13-Y-j18-1,Schnellzug
145,78-13-Y-j18-1,RegioExpress
146,79-13-Y-j18-1,RegioExpress
147,80-13-Y-j18-1,RegioExpress
148,1-14-j18-1,S-Bahn
149,21-14-j18-1,S-Bahn
150,26-14-j18-1,S-Bahn
151,66-140-Y-j18-1,Regionalzug
152,66-141-Y-j18-1,Regionalzug
153,66-142-Y-j18-1,Regionalzug
154,66-143-Y-j18-1,Regionalzug
155,66-144-Y-j18-1,Regionalzug
156,66-145-Y-j18-1,Regionalzug
157,66-146-Y-j18-1,Regionalzug
158,66-147-Y-j18-1,Regionalzug
159,66-148-Y-j18-1,Regionalzug
160,66-149-Y-j18-1,Regionalzug
161,40-14-Y-j18-1,Eurocity
162,59-14-Y-j18-1,InterRegio
163,66-14-Y-j18-1,Regionalzug
164,68-14-Y-j18-1,S-Bahn
165,69-14-Y-j18-1,S-Bahn
166,76-14-Y-j18-1,Schnellzug
167,78-14-Y-j18-1,RegioExpress
168,79-14-Y-j18-1,RegioExpress
169,80-14-Y-j18-1,RegioExpress
170,6-15-j18-1,InterRegio
171,8-15-j18-1,InterRegio
172,21-15-j18-1,S-Bahn
173,23-15-j18-1,InterRegio
174,26-15-j18-1,S-Bahn
175,80-150-j18-1,RegioExpress
176,66-150-Y-j18-1,Regionalzug
177,66-151-Y-j18-1,Regionalzug
178,66-152-Y-j18-1,Regionalzug
179,66-153-Y-j18-1,Regionalzug
180,66-154-Y-j18-1,Regionalzug
181,66-155-Y-j18-1,Regionalzug
182,23-156-j18-1,Regionalzug
183,66-156-Y-j18-1,Regionalzug
184,66-157-Y-j18-1,Regionalzug
185,66-158-Y-j18-1,Regionalzug
186,66-159-Y-j18-1,Regionalzug
187,40-15-Y-j18-1,Eurocity
188,59-15-Y-j18-1,InterRegio
189,66-15-Y-j18-1,Regionalzug
190,68-15-Y-j18-1,S-Bahn
191,69-15-Y-j18-1,S-Bahn
192,76-15-Y-j18-1,Schnellzug
193,78-15-Y-j18-1,RegioExpress
194,79-15-Y-j18-1,RegioExpress
195,80-15-Y-j18-1,RegioExpress
196,1-16-j18-1,InterRegio
197,26-16-j18-1,S-Bahn
198,66-160-Y-j18-1,Regionalzug
199,66-161-Y-j18-1,Regionalzug
200,66-162-Y-j18-1,Regionalzug
201,66-163-Y-j18-1,Regionalzug
202,66-164-Y-j18-1,Regionalzug
203,66-165-Y-j18-1,Regionalzug
204,66-166-Y-j18-1,Regionalzug
205,66-167-Y-j18-1,Regionalzug
206,66-168-Y-j18-1,Regionalzug
207,40-16-Y-j18-1,Eurocity
208,59-16-Y-j18-1,InterRegio
209,66-16-Y-j18-1,Regionalzug
210,68-16-Y-j18-1,S-Bahn
211,69-16-Y-j18-1,S-Bahn
212,79-16-Y-j18-1,RegioExpress
213,80-16-Y-j18-1,RegioExpress
214,1-17-j18-1,S-Bahn
215,6-17-j18-1,InterRegio
216,40-17-Y-j18-1,Eurocity
217,59-17-Y-j18-1,InterRegio
218,66-17-Y-j18-1,Regionalzug
219,68-17-Y-j18-1,S-Bahn
220,69-17-Y-j18-1,S-Bahn
221,79-17-Y-j18-1,RegioExpress
222,80-17-Y-j18-1,RegioExpress
223,26-18-A-j18-1,S-Bahn
224,26-18-j18-1,S-Bahn
225,79-18-j18-1,S-Bahn
226,26-18S-j18-1,S-Bahn
227,40-18-Y-j18-1,Eurocity
228,59-18-Y-j18-1,InterRegio
229,66-18-Y-j18-1,Regionalzug
230,68-18-Y-j18-1,S-Bahn
231,79-18-Y-j18-1,RegioExpress
232,80-18-Y-j18-1,RegioExpress
233,26-19-j18-1,S-Bahn
234,40-19-Y-j18-1,Eurocity
235,59-19-Y-j18-1,InterRegio
236,66-19-Y-j18-1,Regionalzug
237,68-19-Y-j18-1,S-Bahn
238,79-19-Y-j18-1,RegioExpress
239,80-19-Y-j18-1,RegioExpress
240,40-1-Y-j18-1,Eurocity
241,42-1-Y-j18-1,Intercity
242,54-1-Y-j18-1,ICE
243,56-1-Y-j18-1,Railjet
244,57-1-Y-j18-1,TGV
245,59-1-Y-j18-1,InterRegio
246,60-1-Y-j18-1,InterRegio
247,63-1-Y-j18-1,Extrazug
248,64-1-Y-j18-1,Extrazug
249,66-1-Y-j18-1,Regionalzug
250,68-1-Y-j18-1,S-Bahn
251,69-1-Y-j18-1,S-Bahn
252,72-1-Y-j18-1,S-Bahn
253,74-1-Y-j18-1,RegioExpress
254,76-1-Y-j18-1,Schnellzug
255,77-1-Y-j18-1,RegioExpress
256,78-1-Y-j18-1,RegioExpress
257,79-1-Y-j18-1,RegioExpress
258,80-1-Y-j18-1,RegioExpress
259,81-1-Y-j18-1,RegioExpress
260,6-2-j18-1,S-Bahn
261,11-2-B-j18-1,S-Bahn
262,16-2-j18-1,S-Bahn
263,18-2-j18-1,S-Bahn
264,20-2-B-j18-1,Intercity
265,22-2-j18-1,S-Bahn
266,23-2-j18-1,S-Bahn
267,25-2-j18-1,S-Bahn
268,26-2-j18-1,S-Bahn
269,79-2-C-j18-1,S-Bahn
270,8-20-j18-1,S-Bahn
271,20-20-j18-1,S-Bahn
272,40-20-Y-j18-1,Eurocity
273,59-20-Y-j18-1,InterRegio
274,66-20-Y-j18-1,Regionalzug
275,68-20-Y-j18-1,S-Bahn
276,79-20-Y-j18-1,RegioExpress
277,80-20-Y-j18-1,RegioExpress
278,2-21-j18-1,S-Bahn
279,8-21-j18-1,S-Bahn
280,20-21-j18-1,Intercity
281,26-21-j18-1,S-Bahn
282,59-21-Y-j18-1,InterRegio
283,66-21-Y-j18-1,Regionalzug
284,68-21-Y-j18-1,S-Bahn
285,79-21-Y-j18-1,RegioExpress
286,80-21-Y-j18-1,RegioExpress
287,2-22-j18-1,S-Bahn
288,3-22-j18-1,S-Bahn
289,17-22-j18-1,S-Bahn
290,26-22-j18-1,S-Bahn
291,79-22-j18-1,S-Bahn
292,59-22-Y-j18-1,InterRegio
293,66-22-Y-j18-1,Regionalzug
294,68-22-Y-j18-1,S-Bahn
295,79-22-Y-j18-1,RegioExpress
296,80-22-Y-j18-1,RegioExpress
297,1-23-j18-1,S-Bahn
298,2-23-j18-1,S-Bahn
299,3-23-j18-1,S-Bahn
300,19-23-j18-1,S-Bahn
301,21-23-j18-1,S-Bahn
302,26-23-j18-1,S-Bahn
303,59-23-Y-j18-1,InterRegio
304,66-23-Y-j18-1,Regionalzug
305,68-23-Y-j18-1,S-Bahn
306,79-23-Y-j18-1,RegioExpress
307,80-23-Y-j18-1,RegioExpress
308,17-24-A-j18-1,S-Bahn
309,17-24-j18-1,S-Bahn
310,26-24-j18-1,S-Bahn
311,79-24-j18-1,S-Bahn
312,80-240-j18-1,RegioExpress
313,66-24-Y-j18-1,Regionalzug
314,68-24-Y-j18-1,S-Bahn
315,79-24-Y-j18-1,RegioExpress
316,80-24-Y-j18-1,RegioExpress
317,1-25-j18-1,S-Bahn
318,2-25-j18-1,S-Bahn
319,10-25-j18-1,S-Bahn
320,26-25-A-j18-1,S-Bahn
321,66-25-Y-j18-1,Regionalzug
322,68-25-Y-j18-1,S-Bahn
323,79-25-Y-j18-1,RegioExpress
324,80-25-Y-j18-1,RegioExpress
325,1-26-j18-1,S-Bahn
326,2-26-j18-1,S-Bahn
327,5-26-j18-1,InterRegio
328,18-26-j18-1,InterRegio
329,22-26-j18-1,InterRegio
330,26-26-j18-1,S-Bahn
331,66-26-Y-j18-1,Regionalzug
332,68-26-Y-j18-1,S-Bahn
333,79-26-Y-j18-1,RegioExpress
334,80-26-Y-j18-1,RegioExpress
335,1-27-j18-1,S-Bahn
336,4-27-j18-1,InterRegio
337,10-27-j18-1,S-Bahn
338,12-27-j18-1,InterRegio
339,79-27-j18-1,S-Bahn
340,66-27-Y-j18-1,Regionalzug
341,68-27-Y-j18-1,S-Bahn
342,79-27-Y-j18-1,RegioExpress
343,80-27-Y-j18-1,RegioExpress
344,1-28-j18-1,S-Bahn
345,66-28-Y-j18-1,Regionalzug
346,68-28-Y-j18-1,S-Bahn
347,79-28-Y-j18-1,RegioExpress
348,80-28-Y-j18-1,RegioExpress
349,1-29-j18-1,S-Bahn
350,26-29-j18-1,S-Bahn
351,66-29-Y-j18-1,Regionalzug
352,68-29-Y-j18-1,S-Bahn
353,79-29-Y-j18-1,RegioExpress
354,80-29-Y-j18-1,RegioExpress
355,40-2-Y-j18-1,Eurocity
356,42-2-Y-j18-1,Intercity
357,54-2-Y-j18-1,ICE
358,56-2-Y-j18-1,Railjet
359,57-2-Y-j18-1,TGV
360,59-2-Y-j18-1,InterRegio
361,60-2-Y-j18-1,InterRegio
362,63-2-Y-j18-1,Extrazug
363,64-2-Y-j18-1,Extrazug
364,66-2-Y-j18-1,Regionalzug
365,68-2-Y-j18-1,S-Bahn
366,69-2-Y-j18-1,S-Bahn
367,72-2-Y-j18-1,S-Bahn
368,74-2-Y-j18-1,RegioExpress
369,76-2-Y-j18-1,Schnellzug
370,77-2-Y-j18-1,RegioExpress
371,78-2-Y-j18-1,RegioExpress
372,79-2-Y-j18-1,RegioExpress
373,80-2-Y-j18-1,RegioExpress
374,81-2-Y-j18-1,RegioExpress
375,1-3-A-j18-1,S-Bahn
376,4-3-j18-1,S-Bahn
377,5-3-j18-1,Intercity
378,6-3-j18-1,S-Bahn
379,7-3-j18-1,S-Bahn
380,11-3-B-j18-1,Intercity
381,16-3-j18-1,S-Bahn
382,18-3-j18-1,S-Bahn
383,23-3-j18-1,S-Bahn
384,26-3-A-j18-1,S-Bahn
385,26-3-j18-1,S-Bahn
386,79-3-D-j18-1,S-Bahn
387,8-30-j18-1,S-Bahn
388,20-30-j18-1,S-Bahn
389,21-30-j18-1,S-Bahn
390,79-30-j18-1,S-Bahn
391,80-300-j18-1,RegioExpress
392,66-30-Y-j18-1,Regionalzug
393,68-30-Y-j18-1,S-Bahn
394,79-30-Y-j18-1,RegioExpress
395,80-30-Y-j18-1,RegioExpress
396,6-31-j18-1,S-Bahn
397,18-31-A-j18-1,S-Bahn
398,23-31-j18-1,S-Bahn
399,66-31-Y-j18-1,Regionalzug
400,68-31-Y-j18-1,S-Bahn
401,79-31-Y-j18-1,RegioExpress
402,80-31-Y-j18-1,RegioExpress
403,18-32-j18-1,S-Bahn
404,66-32-Y-j18-1,Regionalzug
405,68-32-Y-j18-1,S-Bahn
406,79-32-Y-j18-1,RegioExpress
407,80-32-Y-j18-1,RegioExpress
408,26-33-j18-1,S-Bahn
409,66-33-Y-j18-1,Regionalzug
410,68-33-Y-j18-1,S-Bahn
411,79-33-Y-j18-1,RegioExpress
412,80-33-Y-j18-1,RegioExpress
413,66-340-j18-1,Regionalzug
414,66-34-Y-j18-1,Regionalzug
415,68-34-Y-j18-1,S-Bahn
416,79-34-Y-j18-1,RegioExpress
417,80-34-Y-j18-1,RegioExpress
418,26-35-j18-1,S-Bahn
419,66-35-Y-j18-1,Regionalzug
420,68-35-Y-j18-1,S-Bahn
421,79-35-Y-j18-1,RegioExpress
422,80-35-Y-j18-1,RegioExpress
423,1-36-j18-1,InterRegio
424,26-36-j18-1,InterRegio
425,66-36-Y-j18-1,Regionalzug
426,68-36-Y-j18-1,S-Bahn
427,79-36-Y-j18-1,RegioExpress
428,80-36-Y-j18-1,RegioExpress
429,1-37-j18-1,InterRegio
430,16-37-j18-1,InterRegio
431,26-37-j18-1,InterRegio
432,66-37-Y-j18-1,Regionalzug
433,68-37-Y-j18-1,S-Bahn
434,79-37-Y-j18-1,RegioExpress
435,80-37-Y-j18-1,RegioExpress
436,66-38-Y-j18-1,Regionalzug
437,68-38-Y-j18-1,S-Bahn
438,79-38-Y-j18-1,RegioExpress
439,80-38-Y-j18-1,RegioExpress
440,66-39-Y-j18-1,Regionalzug
441,68-39-Y-j18-1,S-Bahn
442,79-39-Y-j18-1,RegioExpress
443,80-39-Y-j18-1,RegioExpress
444,40-3-Y-j18-1,Eurocity
445,42-3-Y-j18-1,Intercity
446,54-3-Y-j18-1,ICE
447,57-3-Y-j18-1,TGV
448,59-3-Y-j18-1,InterRegio
449,60-3-Y-j18-1,InterRegio
450,63-3-Y-j18-1,Extrazug
451,64-3-Y-j18-1,Extrazug
452,66-3-Y-j18-1,Regionalzug
453,68-3-Y-j18-1,S-Bahn
454,69-3-Y-j18-1,S-Bahn
455,72-3-Y-j18-1,S-Bahn
456,74-3-Y-j18-1,RegioExpress
457,76-3-Y-j18-1,Schnellzug
458,77-3-Y-j18-1,RegioExpress
459,78-3-Y-j18-1,RegioExpress
460,79-3-Y-j18-1,RegioExpress
461,80-3-Y-j18-1,RegioExpress
462,2-4-j18-1,S-Bahn
463,6-4-j18-1,S-Bahn
464,12-4-A-j18-1,S-Bahn
465,15-4-j18-1,S-Bahn
466,16-4-j18-1,S-Bahn
467,17-4-j18-1,Intercity
468,23-4-j18-1,S-Bahn
469,26-4-A-j18-1,S-Bahn
470,26-4-j18-1,S-Bahn
471,79-4-C-j18-1,S-Bahn
472,8-40-j18-1,S-Bahn
473,18-40-j18-1,S-Bahn
474,20-40-j18-1,S-Bahn
475,66-40-Y-j18-1,Regionalzug
476,68-40-Y-j18-1,S-Bahn
477,79-40-Y-j18-1,RegioExpress
478,80-40-Y-j18-1,RegioExpress
479,1-41-j18-1,S-Bahn
480,26-41-j18-1,S-Bahn
481,66-41-Y-j18-1,Regionalzug
482,68-41-Y-j18-1,S-Bahn
483,79-41-Y-j18-1,RegioExpress
484,80-41-Y-j18-1,RegioExpress
485,1-42-j18-1,S-Bahn
486,66-42-Y-j18-1,Regionalzug
487,68-42-Y-j18-1,S-Bahn
488,79-42-Y-j18-1,RegioExpress
489,80-42-Y-j18-1,RegioExpress
490,66-43-Y-j18-1,Regionalzug
491,68-43-Y-j18-1,S-Bahn
492,79-43-Y-j18-1,RegioExpress
493,80-43-Y-j18-1,RegioExpress
494,6-44-A-j18-1,S-Bahn
495,12-44-A-j18-1,S-Bahn
496,15-44-j18-1,S-Bahn
497,66-44-Y-j18-1,Regionalzug
498,68-44-Y-j18-1,S-Bahn
499,79-44-Y-j18-1,RegioExpress
500,80-44-Y-j18-1,RegioExpress
501,66-45-Y-j18-1,Regionalzug
502,68-45-Y-j18-1,S-Bahn
503,79-45-Y-j18-1,RegioExpress
504,80-45-Y-j18-1,RegioExpress
505,18-46-j18-1,InterRegio
506,22-46-j18-1,InterRegio
507,66-46-Y-j18-1,Regionalzug
508,68-46-Y-j18-1,S-Bahn
509,79-46-Y-j18-1,RegioExpress
510,80-46-Y-j18-1,RegioExpress
511,59-470-j18-1,InterRegio
512,66-47-Y-j18-1,Regionalzug
513,68-47-Y-j18-1,S-Bahn
514,79-47-Y-j18-1,RegioExpress
515,80-47-Y-j18-1,RegioExpress
516,66-48-Y-j18-1,Regionalzug
517,68-48-Y-j18-1,S-Bahn
518,79-48-Y-j18-1,RegioExpress
519,80-48-Y-j18-1,RegioExpress
520,66-49-Y-j18-1,Regionalzug
521,68-49-Y-j18-1,S-Bahn
522,79-49-Y-j18-1,RegioExpress
523,80-49-Y-j18-1,RegioExpress
524,40-4-Y-j18-1,Eurocity
525,42-4-Y-j18-1,Intercity
526,54-4-Y-j18-1,ICE
527,57-4-Y-j18-1,TGV
528,59-4-Y-j18-1,InterRegio
529,60-4-Y-j18-1,InterRegio
530,63-4-Y-j18-1,Extrazug
531,64-4-Y-j18-1,Extrazug
532,66-4-Y-j18-1,Regionalzug
533,68-4-Y-j18-1,S-Bahn
534,69-4-Y-j18-1,S-Bahn
535,72-4-Y-j18-1,S-Bahn
536,74-4-Y-j18-1,RegioExpress
537,76-4-Y-j18-1,Schnellzug
538,77-4-Y-j18-1,RegioExpress
539,78-4-Y-j18-1,RegioExpress
540,79-4-Y-j18-1,RegioExpress
541,80-4-Y-j18-1,RegioExpress
542,6-5-A-j18-1,S-Bahn
543,6-5-B-j18-1,Intercity
544,8-5-j18-1,S-Bahn
545,9-5-j18-1,Intercity
546,14-5-j18-1,S-Bahn
547,16-5-j18-1,Intercity
548,18-5-j18-1,S-Bahn
549,19-5-j18-1,Intercity
550,21-5-j18-1,S-Bahn
551,23-5-A-j18-1,Intercity
552,23-5-B-j18-1,S-Bahn
553,23-5-j18-1,S-Bahn
554,26-5-A-j18-1,S-Bahn
555,26-5-j18-1,S-Bahn
556,79-5-C-j18-1,S-Bahn
557,79-5-E-j18-1,S-Bahn
558,79-5-j18-1,S-Bahn
559,8-50-j18-1,S-Bahn
560,20-50-j18-1,S-Bahn
561,66-50-Y-j18-1,Regionalzug
562,68-50-Y-j18-1,S-Bahn
563,79-50-Y-j18-1,RegioExpress
564,80-50-Y-j18-1,RegioExpress
565,5-51-j18-1,Intercity
566,6-51-A-j18-1,Intercity
567,6-51-j18-1,S-Bahn
568,80-510-j18-1,RegioExpress
569,66-51-Y-j18-1,Regionalzug
570,68-51-Y-j18-1,S-Bahn
571,79-51-Y-j18-1,RegioExpress
572,80-51-Y-j18-1,RegioExpress
573,6-52-j18-1,S-Bahn
574,66-52-Y-j18-1,Regionalzug
575,68-52-Y-j18-1,S-Bahn
576,79-52-Y-j18-1,RegioExpress
577,80-52-Y-j18-1,RegioExpress
578,66-53-Y-j18-1,Regionalzug
579,68-53-Y-j18-1,S-Bahn
580,79-53-Y-j18-1,RegioExpress
581,80-53-Y-j18-1,RegioExpress
582,66-54-Y-j18-1,Regionalzug
583,68-54-Y-j18-1,S-Bahn
584,79-54-Y-j18-1,RegioExpress
585,80-54-Y-j18-1,RegioExpress
586,14-55-j18-1,S-Bahn
587,21-55-j18-1,S-Bahn
588,66-55-Y-j18-1,Regionalzug
589,68-55-Y-j18-1,S-Bahn
590,79-55-Y-j18-1,RegioExpress
591,80-55-Y-j18-1,RegioExpress
592,66-56-Y-j18-1,Regionalzug
593,79-56-Y-j18-1,RegioExpress
594,80-56-Y-j18-1,RegioExpress
595,66-57-Y-j18-1,Regionalzug
596,80-57-Y-j18-1,RegioExpress
597,66-58-Y-j18-1,Regionalzug
598,80-58-Y-j18-1,RegioExpress
599,66-59-Y-j18-1,Regionalzug
600,80-59-Y-j18-1,RegioExpress
601,40-5-Y-j18-1,Eurocity
602,42-5-Y-j18-1,Intercity
603,57-5-Y-j18-1,TGV
604,59-5-Y-j18-1,InterRegio
605,60-5-Y-j18-1,InterRegio
606,63-5-Y-j18-1,Extrazug
607,66-5-Y-j18-1,Regionalzug
608,68-5-Y-j18-1,S-Bahn
609,69-5-Y-j18-1,S-Bahn
610,72-5-Y-j18-1,S-Bahn
611,74-5-Y-j18-1,RegioExpress
612,76-5-Y-j18-1,Schnellzug
613,77-5-Y-j18-1,RegioExpress
614,78-5-Y-j18-1,RegioExpress
615,79-5-Y-j18-1,RegioExpress
616,80-5-Y-j18-1,RegioExpress
617,5-6-A-j18-1,S-Bahn
618,5-6-j18-1,S-Bahn
619,6-6-B-j18-1,Intercity
620,6-6-j18-1,S-Bahn
621,10-6-j18-1,S-Bahn
622,12-6-j18-1,S-Bahn
623,16-6-j18-1,S-Bahn
624,26-6-A-j18-1,S-Bahn
625,26-6-j18-1,S-Bahn
626,79-6-B-j18-1,S-Bahn
627,8-60-j18-1,S-Bahn
628,20-60-j18-1,S-Bahn
629,79-60-j18-1,S-Bahn
630,80-600-j18-1,RegioExpress
631,66-60-Y-j18-1,Regionalzug
632,80-60-Y-j18-1,RegioExpress
633,6-61-A-j18-1,Intercity
634,12-61-j18-1,S-Bahn
635,66-61-Y-j18-1,Regionalzug
636,80-61-Y-j18-1,RegioExpress
637,66-62-Y-j18-1,Regionalzug
638,80-62-Y-j18-1,RegioExpress
639,66-63-Y-j18-1,Regionalzug
640,80-63-Y-j18-1,RegioExpress
641,66-64-Y-j18-1,Regionalzug
642,80-64-Y-j18-1,RegioExpress
643,80-650-j18-1,RegioExpress
644,66-65-Y-j18-1,Regionalzug
645,80-65-Y-j18-1,RegioExpress
646,66-66-Y-j18-1,Regionalzug
647,80-66-Y-j18-1,RegioExpress
648,66-67-Y-j18-1,Regionalzug
649,80-67-Y-j18-1,RegioExpress
650,66-68-Y-j18-1,Regionalzug
651,80-68-Y-j18-1,RegioExpress
652,66-69-Y-j18-1,Regionalzug
653,80-69-Y-j18-1,RegioExpress
654,40-6-Y-j18-1,Eurocity
655,42-6-Y-j18-1,Intercity
656,57-6-Y-j18-1,TGV
657,59-6-Y-j18-1,InterRegio
658,66-6-Y-j18-1,Regionalzug
659,68-6-Y-j18-1,S-Bahn
660,69-6-Y-j18-1,S-Bahn
661,72-6-Y-j18-1,S-Bahn
662,74-6-Y-j18-1,RegioExpress
663,76-6-Y-j18-1,Schnellzug
664,77-6-Y-j18-1,RegioExpress
665,78-6-Y-j18-1,RegioExpress
666,79-6-Y-j18-1,RegioExpress
667,80-6-Y-j18-1,RegioExpress
668,6-7-D-j18-1,S-Bahn
669,6-7-j18-1,S-Bahn
670,12-7-j18-1,S-Bahn
671,21-7-j18-1,S-Bahn
672,23-7-j18-1,S-Bahn
673,26-7-A-j18-1,S-Bahn
674,26-7-j18-1,S-Bahn
675,12-70-j18-1,InterRegio
676,25-70-j18-1,InterRegio
677,26-70-j18-1,InterRegio
678,59-700-j18-1,InterRegio
679,66-70-Y-j18-1,Regionalzug
680,80-70-Y-j18-1,RegioExpress
681,66-71-Y-j18-1,Regionalzug
682,80-71-Y-j18-1,RegioExpress
683,66-72-Y-j18-1,Regionalzug
684,80-72-Y-j18-1,RegioExpress
685,66-73-Y-j18-1,Regionalzug
686,80-73-Y-j18-1,RegioExpress
687,66-74-Y-j18-1,Regionalzug
688,80-74-Y-j18-1,RegioExpress
689,21-75-j18-1,InterRegio
690,66-75-Y-j18-1,Regionalzug
691,80-75-Y-j18-1,RegioExpress
692,66-76-Y-j18-1,Regionalzug
693,80-76-Y-j18-1,RegioExpress
694,66-77-Y-j18-1,Regionalzug
695,80-77-Y-j18-1,RegioExpress
696,66-78-Y-j18-1,Regionalzug
697,80-78-Y-j18-1,RegioExpress
698,66-79-Y-j18-1,Regionalzug
699,80-79-Y-j18-1,RegioExpress
700,40-7-Y-j18-1,Eurocity
701,42-7-Y-j18-1,Intercity
702,57-7-Y-j18-1,TGV
703,59-7-Y-j18-1,InterRegio
704,66-7-Y-j18-1,Regionalzug
705,68-7-Y-j18-1,S-Bahn
706,69-7-Y-j18-1,S-Bahn
707,72-7-Y-j18-1,S-Bahn
708,76-7-Y-j18-1,Schnellzug
709,77-7-Y-j18-1,RegioExpress
710,78-7-Y-j18-1,RegioExpress
711,79-7-Y-j18-1,RegioExpress
712,80-7-Y-j18-1,RegioExpress
713,6-8-C-j18-1,RegioExpress
714,6-8-D-j18-1,S-Bahn
715,6-8-j18-1,Intercity
716,12-8-B-j18-1,S-Bahn
717,16-8-j18-1,S-Bahn
718,21-8-A-j18-1,S-Bahn
719,21-8-B-j18-1,Intercity
720,21-8-j18-1,S-Bahn
721,23-8-j18-1,S-Bahn
722,26-8-A-j18-1,S-Bahn
723,26-8-j18-1,S-Bahn
724,66-80-Y-j18-1,Regionalzug
725,80-80-Y-j18-1,RegioExpress
726,2-81-A-j18-1,S-Bahn
727,2-81-j18-1,S-Bahn
728,79-81-j18-1,S-Bahn
729,66-81-Y-j18-1,Regionalzug
730,80-81-Y-j18-1,RegioExpress
731,66-82-Y-j18-1,Regionalzug
732,80-82-Y-j18-1,RegioExpress
733,66-83-Y-j18-1,Regionalzug
734,80-83-Y-j18-1,RegioExpress
735,66-84-Y-j18-1,Regionalzug
736,80-84-Y-j18-1,RegioExpress
737,66-85-Y-j18-1,Regionalzug
738,80-85-Y-j18-1,RegioExpress
739,66-86-Y-j18-1,Regionalzug
740,80-86-Y-j18-1,RegioExpress
741,66-87-Y-j18-1,Regionalzug
742,80-87-Y-j18-1,RegioExpress
743,66-88-Y-j18-1,Regionalzug
744,80-88-Y-j18-1,RegioExpress
745,66-89-Y-j18-1,Regionalzug
746,80-89-Y-j18-1,RegioExpress
747,40-8-Y-j18-1,Eurocity
748,42-8-Y-j18-1,Intercity
749,59-8-Y-j18-1,InterRegio
750,66-8-Y-j18-1,Regionalzug
751,68-8-Y-j18-1,S-Bahn
752,69-8-Y-j18-1,S-Bahn
753,72-8-Y-j18-1,S-Bahn
754,76-8-Y-j18-1,Schnellzug
755,77-8-Y-j18-1,RegioExpress
756,78-8-Y-j18-1,RegioExpress
757,79-8-Y-j18-1,RegioExpress
758,80-8-Y-j18-1,RegioExpress
759,1-9-j18-1,S-Bahn
760,4-9-j18-1,S-Bahn
761,6-9-A-j18-1,S-Bahn
762,8-9-j18-1,S-Bahn
763,12-9-B-j18-1,S-Bahn
764,16-9-j18-1,S-Bahn
765,23-9-j18-1,S-Bahn
766,26-9-A-j18-1,S-Bahn
767,26-9-j18-1,S-Bahn
768,9-90-j18-1,InterRegio
769,23-90-j18-1,InterRegio
770,24-90-j18-1,InterRegio
771,66-90-Y-j18-1,Regionalzug
772,80-90-Y-j18-1,RegioExpress
773,66-91-Y-j18-1,Regionalzug
774,80-91-Y-j18-1,RegioExpress
775,80-920-j18-1,RegioExpress
776,66-92-Y-j18-1,Regionalzug
777,80-92-Y-j18-1,RegioExpress
778,66-93-Y-j18-1,Regionalzug
779,80-93-Y-j18-1,RegioExpress
780,66-94-Y-j18-1,Regionalzug
781,80-94-Y-j18-1,RegioExpress
782,66-95-Y-j18-1,Regionalzug
783,80-95-Y-j18-1,RegioExpress
784,66-96-Y-j18-1,Regionalzug
785,80-96-Y-j18-1,RegioExpress
786,66-97-Y-j18-1,Regionalzug
787,80-97-Y-j18-1,RegioExpress
788,66-98-Y-j18-1,Regionalzug
789,80-98-Y-j18-1,RegioExpress
790,12-99-j18-1,S-Bahn
791,66-99-Y-j18-1,Regionalzug
792,80-99-Y-j18-1,RegioExpress
793,40-9-Y-j18-1,Eurocity
794,42-9-Y-j18-1,Intercity
795,59-9-Y-j18-1,InterRegio
796,66-9-Y-j18-1,Regionalzug
797,68-9-Y-j18-1,S-Bahn
798,69-9-Y-j18-1,S-Bahn
799,72-9-Y-j18-1,S-Bahn
800,76-9-Y-j18-1,Schnellzug
801,78-9-Y-j18-1,RegioExpress
802,79-9-Y-j18-1,RegioExpress
803,80-9-Y-j18-1,RegioExpress
804,68-R03-j18-1,S-Bahn
805,68-L01-j18-1,S-Bahn
806,68-C01-2-j18-1,S-Bahn
807,68-Z02-j18-1,S-Bahn
